k,T,N,Y,3,H,#,$,A,9,b,L,j,6,E,F,R,1,g,4,X,S,W,h,U,2,K,M,I,8,C,Q,D,G,J,d,7,a,+,e,f,B,5,V,O,Z,P,i,c
4,V,A,i,5,e,O,f,1,J,c,P,C,T,a,H,W,6,S,Z,9,j,I,$,d,Y,3,k,2,+,g,F,h,E,N,Q,8,M,#,L,K,D,b,7,B,G,U,X,R
P,h,L,2,D,B,7,5,M,H,Y,k,W,R,j,U,I,G,d,f,J,9,c,N,E,b,O,V,4,1,T,A,S,X,K,C,3,Z,F,$,g,i,a,8,+,#,Q,e,6
U,j,f,I,c,6,W,3,h,#,2,V,a,F,7,e,5,Q,P,B,M,X,1,i,R,8,G,+,Y,H,O,$,b,L,Z,E,A,4,T,9,N,J,S,k,D,K,d,g,C
$,C,E,X,b,S,F,G,e,+,K,g,7,I,N,Y,V,k,O,T,8,D,B,H,#,Z,a,Q,c,3,i,P,W,d,R,U,6,h,1,j,2,5,9,L,J,4,A,f,M
a,8,K,G,Z,M,R,S,O,D,i,d,U,Q,h,c,C,L,2,#,+,g,f,5,7,J,A,4,k,6,V,j,9,B,e,W,P,H,Y,X,I,b,E,3,1,T,$,N,F
J,9,1,g,Q,d,+,B,Z,8,X,E,N,4,$,A,i,b,D,K,3,L,C,e,T,F,6,P,7,5,f,#,M,a,U,O,S,c,V,G,R,k,2,Y,j,I,W,h,H
j,g,W,7,a,1,6,8,C,3,d,O,$,S,4,9,D,E,Y,V,2,M,h,Z,f,P,H,F,J,R,k,I,K,A,c,b,T,Q,X,N,L,U,i,+,G,e,5,B,#
c,N,G,P,S,h,V,i,5,a,k,Q,1,W,A,#,T,$,F,j,L,K,O,R,3,I,B,e,+,X,4,U,7,Z,Y,f,2,g,C,E,H,9,8,M,6,J,D,d,b
E,#,$,d,X,R,k,A,V,b,7,F,4,U,M,K,f,J,i,I,G,1,a,Q,L,T,Y,g,h,W,B,8,H,O,j,c,Z,5,D,6,e,+,N,9,P,2,C,S,3
Z,e,Y,Q,B,O,8,+,D,P,g,f,c,L,C,k,S,W,6,b,H,#,j,9,G,7,E,J,3,a,5,2,N,i,d,M,F,K,A,V,4,R,I,h,X,$,T,U,1
H,i,2,A,J,D,f,Y,E,R,B,K,e,G,U,g,3,a,8,h,5,d,+,X,C,S,b,N,6,9,1,L,P,M,T,$,W,j,7,O,#,I,4,Z,c,F,k,V,Q
b,+,M,9,4,I,C,h,J,Z,T,X,2,N,d,R,P,O,c,e,1,W,8,6,A,5,$,U,G,V,#,E,F,Q,D,B,i,Y,3,a,k,S,f,H,7,j,g,L,K
K,5,U,L,F,T,3,I,H,M,6,#,9,j,X,B,+,7,Z,N,Q,c,i,V,2,k,4,D,S,$,e,b,f,C,g,h,1,8,P,J,d,G,Y,A,a,R,E,O,W
T,H,+,R,7,c,5,O,N,6,V,C,g,Z,K,3,$,F,#,J,W,G,b,j,P,D,L,9,A,I,U,d,2,1,a,S,Q,e,4,M,E,h,B,X,i,8,f,k,Y
X,J,S,D,g,Z,B,d,+,E,R,G,K,a,f,I,O,P,V,L,C,N,$,F,Q,6,T,i,j,k,8,M,Y,7,4,5,H,#,W,c,3,1,h,e,9,A,b,2,U
h,4,8,k,A,G,9,#,S,e,D,I,f,Y,+,b,Q,U,R,5,6,a,M,c,g,W,J,E,H,O,X,i,3,T,P,K,C,$,B,2,F,Z,7,1,L,d,V,j,N
Q,3,a,$,#,j,i,J,F,h,W,b,A,k,Z,E,9,S,G,D,e,O,2,B,1,+,7,C,5,c,6,V,L,g,f,X,N,U,I,d,8,Y,M,4,K,H,R,P,T
N,P,O,U,E,F,b,9,T,$,1,M,X,H,B,7,4,A,k,2,Y,R,V,K,h,e,d,8,C,G,Q,Z,J,W,+,D,L,f,6,i,j,g,#,5,3,a,c,I,S
1,M,I,e,2,V,d,U,P,4,3,j,L,5,g,X,8,T,a,c,i,k,S,f,H,#,Z,Y,9,B,N,K,E,h,F,+,J,G,R,b,7,A,Q,6,$,C,O,W,D
f,6,C,K,W,Y,L,c,i,B,8,7,Q,2,1,d,M,j,N,H,h,I,X,4,5,A,U,3,e,S,$,R,#,D,b,9,a,T,O,k,V,P,g,J,F,+,G,E,Z
#,f,5,S,j,C,M,R,d,Y,G,U,T,A,F,P,E,K,+,7,O,Q,J,a,b,h,V,X,g,L,3,6,k,e,W,H,c,N,$,8,9,4,Z,D,I,i,2,1,B
W,1,X,F,i,+,Z,j,$,I,P,8,H,9,5,Q,U,h,e,S,#,4,E,O,c,N,C,T,K,J,R,7,G,b,V,k,D,L,M,3,B,2,6,g,Y,f,a,A,d
8,b,g,T,R,7,h,Q,a,K,f,N,V,3,i,G,X,B,H,9,k,5,P,I,$,j,S,#,U,F,D,Y,Z,2,A,e,O,6,d,1,C,W,c,E,4,L,M,+,J
G,U,H,O,K,k,N,X,#,W,F,B,D,M,Y,Z,g,4,A,a,R,3,6,1,i,L,9,2,E,h,S,C,d,c,8,7,I,b,Q,+,J,f,P,T,5,V,e,$,j
I,2,4,c,6,J,A,g,b,i,L,+,S,O,T,D,d,C,3,8,j,f,k,U,e,R,F,W,M,P,H,1,$,5,B,#,V,E,a,Y,Z,X,G,Q,h,N,K,9,7
e,E,Q,a,P,L,D,6,4,1,h,Z,J,C,I,N,c,2,W,$,V,7,g,Y,+,B,M,d,T,j,9,f,i,#,X,F,U,A,G,S,5,K,3,R,k,b,8,H,O
9,$,V,B,d,3,Y,2,7,c,e,5,k,E,L,J,1,M,b,6,f,Z,H,A,8,G,D,K,a,4,I,N,O,+,Q,R,g,P,i,h,T,j,W,S,#,U,F,C,X
3,d,6,C,V,2,j,H,g,f,Z,A,#,P,Q,+,J,i,B,W,a,b,L,S,Y,4,h,O,$,e,c,9,1,k,5,T,E,X,K,F,D,M,R,I,U,7,N,G,8
B,Y,Z,M,L,W,$,b,9,C,J,D,I,c,3,4,2,N,h,d,A,E,U,k,K,H,#,j,V,f,F,S,6,8,O,P,R,7,g,5,G,e,+,a,T,X,1,Q,i
5,I,#,E,h,a,X,k,W,2,U,S,B,d,P,8,7,c,C,G,D,$,3,M,J,i,+,1,Z,Y,K,4,T,R,H,6,9,V,b,Q,O,N,j,f,e,g,L,F,A
F,Q,D,b,+,4,P,E,L,T,M,1,h,7,H,j,e,#,X,g,U,6,5,2,a,9,R,B,i,A,G,W,I,N,3,8,k,d,J,f,c,C,V,K,S,O,Y,Z,$
S,k,R,8,1,U,c,4,G,X,Q,$,F,e,9,6,Z,f,K,O,T,P,D,g,V,C,N,A,b,7,h,+,B,j,#,I,Y,i,2,H,a,L,d,W,M,E,3,J,5
O,7,i,N,e,f,K,V,3,j,+,Y,R,8,S,5,L,I,$,k,F,T,d,W,Z,Q,X,G,D,C,E,g,a,J,M,A,4,1,h,B,U,#,H,P,b,c,9,6,2
g,G,9,J,H,A,T,N,6,5,a,i,O,K,b,1,Y,V,M,R,E,F,e,8,I,c,f,7,P,2,d,X,Q,U,L,j,+,S,Z,W,$,3,D,B,C,h,4,#,k
A,F,P,h,9,E,J,T,k,V,I,c,Z,1,G,$,j,d,L,Q,S,C,R,7,O,M,8,f,X,b,2,B,5,K,6,3,e,W,N,D,+,H,U,i,g,Y,#,a,4
Y,K,d,V,G,8,a,L,Q,F,$,W,+,b,6,h,#,e,E,1,I,J,N,D,S,g,i,Z,f,U,j,3,4,9,C,2,5,B,c,R,A,7,T,O,H,k,X,M,P
+,R,j,1,$,#,I,e,K,g,E,4,Y,B,V,M,a,8,T,i,b,A,G,d,k,X,Q,6,N,D,Z,O,c,H,7,L,f,C,U,P,S,F,J,2,W,3,h,5,9
L,Z,e,6,M,i,S,D,U,N,#,a,5,h,2,W,F,3,9,Y,7,V,4,b,B,$,P,H,8,g,J,T,A,I,E,G,X,O,k,K,Q,d,C,c,f,1,j,R,+
D,c,3,f,O,5,g,M,R,d,H,9,8,X,J,C,K,+,4,P,B,U,Y,E,W,1,2,L,F,i,a,e,V,$,k,Z,h,I,j,#,6,T,A,N,Q,S,7,b,G
2,B,T,W,C,N,H,P,j,7,A,3,6,f,c,O,k,g,U,X,Z,h,F,+,9,K,5,a,Q,#,M,G,R,Y,S,i,b,J,E,4,1,$,L,d,V,D,I,8,e
7,X,k,4,U,b,Q,C,2,S,O,J,G,i,R,f,H,D,5,A,N,e,#,T,j,3,c,I,W,d,L,h,+,P,1,V,M,9,8,g,Y,a,F,$,Z,6,B,K,E
C,W,7,Z,f,P,4,a,X,k,S,h,i,V,D,L,B,5,Q,+,$,H,A,#,F,O,1,R,d,M,Y,c,8,6,I,N,G,3,e,U,b,E,K,j,2,9,J,T,g
i,D,J,j,8,9,U,K,c,G,5,e,P,$,O,a,b,R,7,E,4,+,T,3,N,d,k,h,#,Z,W,H,X,f,2,g,B,F,L,I,M,6,1,C,A,Q,S,Y,V
V,O,h,H,Y,g,G,F,B,Q,j,T,b,+,W,2,N,Z,I,C,d,i,K,P,D,f,e,5,1,E,7,a,U,3,9,J,$,R,S,A,X,c,k,#,8,M,6,4,L
6,a,B,3,T,Q,e,W,f,A,N,H,E,J,#,S,G,X,1,U,c,2,Z,L,M,V,j,b,O,K,+,D,g,4,h,Y,d,k,9,C,P,8,$,F,R,5,i,7,I
R,S,c,#,I,X,E,1,8,L,4,2,M,D,k,T,A,9,J,F,K,Y,Q,G,6,U,g,$,B,N,P,5,C,V,i,a,j,+,H,7,h,O,e,b,d,W,Z,3,f
d,A,F,+,N,K,1,7,I,U,C,R,3,g,e,V,6,Y,f,M,P,8,9,J,X,a,W,c,L,T,b,k,j,S,$,4,#,2,5,Z,i,Q,O,G,E,B,H,D,h
M,L,b,5,k,$,2,Z,Y,O,9,6,d,#,8,i,h,H,j,3,g,B,7,C,4,E,I,S,R,Q,A,J,e,F,G,1,K,D,f,T,W,V,X,U,N,P,+,c,a
