,T,N,Y,3,,#,,A,9,,L,j,6,E,F,R,1,g,,,S,W,,U,2,,M,I,8,,Q,,G,J,d,,a,+,e,,B,5,V,O,,,i,c
4,V,A,i,5,,O,f,1,J,,P,,T,a,H,W,6,,Z,9,j,I,$,d,Y,3,k,,+,,,,,,Q,8,,,,K,,b,7,B,,U,X,
,h,L,2,D,,,,M,H,,k,,R,j,U,,G,,,J,,c,,,,,,4,1,T,A,S,X,,C,,Z,F,,g,i,,8,,,,e,6
U,j,f,I,,,W,,h,,,,,F,7,e,5,Q,,B,M,X,1,i,R,8,G,+,,H,O,$,b,L,,,A,,T,9,,,S,k,D,K,d,g,C
$,,,,,,F,G,e,+,,g,,,,,,k,,T,,,,H,#,,,,,3,,P,W,d,,U,6,h,,j,2,5,,L,J,,,f,M
a,,K,,Z,,R,S,,D,,d,U,Q,,c,,,,,,g,f,5,,J,A,4,,6,V,,9,B,e,,P,H,Y,X,,,E,3,,T,$,,F
,9,1,,Q,,+,B,Z,,,E,N,4,$,A,,b,,K,3,L,,e,,F,,,7,5,f,,,a,U,O,S,c,V,,R,k,2,Y,j,I,,h,H
j,g,,,a,1,6,,,3,,,$,,4,,D,E,Y,,2,,h,Z,f,,,F,,R,k,I,K,A,c,b,T,Q,X,N,L,U,i,,G,,5,,#
c,N,,P,S,,,,5,,,,1,W,A,,T,$,F,j,,K,,,3,I,B,,,,4,,,,Y,,2,,C,E,H,9,8,M,6,J,D,d,b
E,#,,,X,R,,A,V,b,7,F,4,U,M,K,f,,i,,,1,a,Q,L,T,Y,g,,,B,8,,,j,c,,5,,,e,+,,9,,2,C,,3
Z,,Y,,,,8,,,,g,,c,L,C,k,,W,,b,H,,j,,,7,E,,3,a,5,2,N,i,d,M,F,K,,V,4,R,,h,X,,T,,1
H,i,2,A,J,D,f,Y,E,R,B,K,e,G,U,g,3,a,8,h,5,d,+,,C,S,b,,6,9,1,L,,M,,,W,j,,,,I,,Z,,,k,V,Q
,,M,9,,,C,,,,,X,2,N,,,,,,e,1,W,8,6,,5,,U,G,V,#,,F,Q,,,i,Y,3,a,,S,,H,,,,,K
,,,,,T,,,H,M,,#,,j,,B,+,,Z,N,Q,,i,V,,k,4,D,,$,e,b,f,,g,h,,8,P,J,,G,Y,A,a,R,E,,W
T,H,+,R,,c,,O,N,6,,C,g,Z,K,,$,,,J,W,,,j,P,,L,9,A,I,U,d,,1,,,Q,,,M,E,h,B,,,8,,,
,J,S,,,Z,B,d,+,,,,,a,,,O,,,L,,,$,F,Q,6,T,i,j,k,8,M,Y,,4,5,H,#,W,,3,,h,e,9,A,b,,
,4,,k,A,,9,#,S,e,D,I,f,Y,+,,Q,U,,,,,,c,g,W,J,,H,O,X,,,,P,K,C,,B,2,,Z,7,1,L,d,V,j,
Q,3,,,,j,,J,F,h,W,b,A,k,,E,9,S,,D,,O,2,B,1,,7,C,5,c,6,V,L,g,,,N,U,I,d,8,Y,M,4,K,,R,,
N,,,U,,,,9,,,,M,X,,B,,4,A,k,2,,,,K,h,e,,,C,G,Q,Z,,,+,D,,f,,i,j,,#,5,3,a,c,I,S
1,M,I,e,2,V,d,U,P,,3,j,,5,,X,8,,,c,i,k,,f,H,#,,Y,,B,N,K,E,h,F,+,J,,R,b,,A,Q,,$,C,O,,D
f,,,K,,Y,L,,,B,8,7,Q,,1,d,M,,,H,h,,,,5,,U,3,,S,$,,,D,,9,a,T,,k,,,g,J,F,+,G,E,
#,f,5,S,j,C,,R,d,Y,G,U,T,A,F,P,E,K,+,7,,,,,,,V,X,,L,3,6,k,e,W,,c,N,$,8,9,,Z,D,,i,2,,B
,1,X,,i,,Z,,,I,P,8,,,5,Q,U,,,,#,4,E,O,,,C,T,K,,,7,G,,,k,D,L,M,,B,2,,g,,f,,A,d
,b,g,T,R,7,,Q,,,f,,V,3,,G,X,B,H,9,,,,,$,j,S,#,U,,D,Y,,2,A,,O,6,,1,C,W,,E,4,L,M,+,J
G,,H,,,,,X,#,W,F,,,M,,,,,,a,,,6,1,i,,9,2,E,h,S,C,d,c,8,7,I,,Q,,J,f,,T,5,V,e,,
,2,4,c,6,J,,,,i,L,+,,O,T,D,,,3,8,j,,,U,e,,F,W,M,P,H,,$,,B,#,,E,,,Z,X,G,,h,N,K,,
e,E,Q,a,P,,,6,4,1,,Z,,C,I,,c,2,,,V,,,,,B,M,d,T,j,9,f,i,,X,F,U,A,G,,5,,,,k,b,8,H,O
9,,V,,d,3,,,7,,,5,k,E,,,,,,,,Z,,A,8,,D,K,a,,,N,O,+,,R,g,P,i,,T,,W,S,#,U,,C,X
,d,6,C,V,2,j,H,,f,,A,,P,,+,,i,,,a,b,L,S,Y,4,h,O,,,,9,,k,5,,E,X,,F,D,M,,I,U,,N,G,8
B,Y,,M,L,,$,b,,C,J,D,I,c,,,,N,,d,,,,k,,,#,j,,,F,,,,,P,R,7,,,G,e,,a,,,,Q,i
,I,#,E,,,X,,W,2,,,B,,,8,7,,,,D,,3,,J,,+,1,Z,,K,4,T,R,H,6,,,b,Q,O,,j,f,,g,,F,
,,,b,+,,P,,,T,M,1,h,,H,j,e,#,X,g,U,6,5,2,a,9,,B,i,,,,I,,3,,k,d,J,f,c,C,,K,S,,Y,Z,$
,k,R,,1,,,4,,X,,$,,e,9,6,Z,f,,O,T,,D,,,,N,A,b,7,h,+,B,j,,,,i,,,a,L,,W,,E,3,J,5
,7,i,N,,f,,V,3,j,+,Y,R,8,,,L,I,,,F,,d,W,,Q,,,D,C,E,g,a,J,M,,,,h,,,#,,,,c,,6,2
,,9,J,,A,T,,6,,,i,,,,,,,M,R,E,F,e,8,I,c,f,7,,2,d,,Q,U,,,+,S,Z,W,$,3,,B,C,h,4,#,k
A,F,P,h,9,,J,T,k,V,I,c,,,G,$,j,d,L,Q,S,C,R,7,O,M,8,,X,b,2,B,5,K,6,3,,,,D,,H,U,,g,,#,,4
Y,,d,V,G,,a,L,Q,F,$,W,+,,,h,,e,,1,I,J,N,D,S,g,i,,f,U,j,3,4,,C,,,,c,R,A,7,T,,H,k,X,,P
,,j,,,#,,e,K,,E,,Y,,,,,,,,,,G,d,k,X,,,,,Z,,c,,7,L,f,C,U,P,S,,J,2,W,3,,5,9
L,,e,,M,,S,D,,N,#,a,5,,2,W,,3,,Y,7,,4,b,B,$,P,H,8,,J,T,A,I,E,G,X,O,k,,,,C,c,f,1,j,R,+
D,,3,,O,,g,,R,,H,9,8,,J,C,,+,4,P,B,U,,E,,,2,L,F,,,e,,,k,Z,h,I,,#,6,T,A,N,Q,,,b,G
,B,,W,,,,,j,7,A,,6,f,,,k,g,U,,Z,h,F,,9,,,,Q,#,M,G,R,Y,,,b,,E,,1,$,L,,,,,,e
7,X,k,4,U,b,Q,,,,O,,G,i,,,,D,,A,N,e,#,T,j,,c,,W,d,,h,+,P,1,V,M,9,8,g,,a,F,,Z,6,,K,
C,,7,Z,f,P,,a,X,k,S,h,i,V,D,,B,,Q,,$,H,,,,,,,,M,Y,,,6,,N,,3,e,U,b,E,,,2,9,J,T,
i,D,J,j,8,9,U,,,G,5,,P,,O,,,R,,,4,+,T,3,N,d,k,h,#,,W,H,X,f,2,g,B,F,,I,,6,,,,,S,Y,
V,O,,,,g,G,F,,,j,T,b,,W,2,N,Z,I,C,d,i,K,P,,f,e,5,1,,,a,U,,,J,$,,S,A,,,,#,8,M,,,
6,a,,,T,,e,W,,A,N,H,E,J,#,,G,,1,U,c,2,Z,L,M,,,b,,,+,,g,4,h,Y,d,k,,C,P,8,$,,R,5,i,7,
R,S,c,,,X,E,1,8,L,,2,,,,,,,J,F,,Y,,G,6,U,g,,B,N,P,5,C,V,i,a,,+,,7,h,O,,b,d,W,Z,3,
d,A,F,,N,K,1,7,I,,C,,3,,e,V,6,,f,M,P,8,,J,X,,W,c,L,,b,k,j,S,$,4,#,,,,,,O,G,E,,H,,
,L,b,,k,$,,Z,,O,9,6,d,,8,i,,H,j,3,g,B,7,C,4,E,,S,R,Q,,,e,F,G,1,K,D,,,W,V,X,,,P,+,c,a